type,category,title,subtitle,area,image_link,show,order,tier,why_trust,order_tip,avoid_if,price_range,best_for,map_link,gmap_link
pick,trend,Ube is doing what matcha did,the post-matcha purple · Seoul cafes,Seoul cafes · not the chains yet,,yes,34,free,"Ube (purple yam) went from Filipino dessert staple to global cafe menu in about a year — Starbucks and Peet's put it on seasonal menus abroad, and searches for 'ube starbucks' rose by thousands of percent. Korea is one step behind on purpose: the big chains haven't committed, so it's independent cafes in Seongsu, Yeonnam and Mangwon running it, usually as a latte or as soft serve layered over matcha. That gap is the whole reason to drink it here rather than at home — you get the version a small roaster made because they wanted to, not the version a supply chain approved.","Ask for it iced and layered with matcha if the menu offers both — the colour contrast is the point, and the two flavours genuinely work. If a cafe is doing ube soft serve, take that over the latte.","Skip it if you dislike sweet milky drinks — ube sits closer to taro milk tea than to coffee, and no cafe will make it less sweet for you.",,,,
pick,trend,Butter tteok is the bread everyone is copying,the chewy-crisp bread of the year,Bakeries · cafes · convenience stores,,yes,35,paid,"Butter tteok started in Nantong, China, spread through Chinese social media, and landed here as '상하이 버터떡'. Ediya put it on the national menu and sold out within days; independent bakeries and convenience-store brands followed within weeks. The texture is why it travels — a crisp buttered outside over a chewy glutinous-rice inside, exactly the contrast Korean bakeries have been chasing since the 두쫀쿠 chewy-cookie wave. Every bakery now has a version, so the question isn't whether to try it, it's whose.","Eat it warm and within the hour — cold, it goes dense and the crisp shell is gone. A neighbourhood bakery version beats the chain version almost every time.","Skip it if chewy rice-cake texture isn't for you. This is 떡 in a pastry shell, not a croissant.",,,,
pick,trend,The convenience-store chips that sold out,soft-baked cheese chips · resale prices,CU · GS25 · snack aisle,,yes,36,paid,"황치즈 ('yellow cheese') is a familiar Korean processed-cheese flavour; the twist was putting it in an unfamiliar format. Orion's soft-baked 촉촉한 황치즈칩 sold out on launch and traded above retail online before a second production run was scheduled. The snack aisle here now behaves like a sneaker drop — one flavour, one format, sold through, restocked only when the noise gets loud enough. It is the cheapest way to read what Korean taste is doing this month, and it costs less than a coffee.",Try the CU or GS25 nearest a university before a tourist-area store — turnover is faster and restocks land there first.,"Skip it if you want something distinctly Korean to take home. This is a flavour trend, not a souvenir.",,,,
pick,trend,The freezer dessert you assemble yourself,얼먹젤리 · a dessert from the convenience store,Any convenience store · your hotel freezer,,yes,37,paid,"TikTok's frozen gummy bears arrived here as 얼먹젤리 and got absorbed into a very Korean habit — assembling snacks rather than buying them finished. You freeze jellies until they crack, sometimes with a splash of cider in an ice tray. Lotte and Nongshim have both leaned in with recipe content rather than new products, which tells you where the value is: the method, not the item. It costs about ₩3,000 and works in a hotel mini-freezer, making it the rare food trend a visitor can actually participate in instead of queue for.","Chewier Korean jellies (마이구미, 왕꿈틀이) crack better than soft imported gummies. An hour is enough — overnight makes them too hard to bite.","Skip it if your room has no freezer, and skip it entirely if you have dental work you're protecting.",,,,
pick,trend,A coffee chain is selling fried chicken,"₩4,400 cup chicken · nationwide",Mega MGC Coffee · everywhere,,yes,38,free,"Mega MGC partnered with a chicken franchise to put 양념 컵치킨 on its menu at around ₩4,400, and it went nationwide within weeks. The logic is specific to Korea: low-price coffee chains make almost nothing on drinks, so they extend into snacks the same customer adds without thinking. For a visitor it's a useful shortcut — you get the sweet-spicy seasoned-chicken flavour that normally requires a ₩20,000-plus order built for two, in a portion sized for one, at a shop on nearly every block.",Get the 양념 (sweet-spicy sauced) version rather than plain — the sauce is the whole point and it's what the chicken franchises are actually known for.,"Skip it if you're planning a proper chicken-and-beer night anyway. This is a stand-in, not a substitute.",,,,
pick,trend,Barley is the caffeine-free latte now,roasted-grain latte · not decaf coffee,Cafes citywide · Bukchon,,yes,39,paid,"보리 (roasted barley) has always been the free tea on every Korean restaurant table, which is exactly why nobody treated it as something you'd pay for. Super Matcha relaunched its SUPER BORI grain-coffee line after five years and ran a Bukchon pop-up built around sleep and rest; cafes followed with barley lattes and 보리 affogato. The move that matters is the framing — not 'decaf coffee', but its own roasted-grain flavour with real body. If you've been skipping Korean café culture because you can't drink coffee after 4pm, this is the opening.","Order it as a latte first, not black. The milk is what makes the roast read as coffee-adjacent rather than as tea.","Skip it if you want caffeine. There is none here, and that is the entire product.",,,,
pick,trend,Pokemon's 30th year is a collab wave,30th anniversary collab · goods sell out by noon,Cafes · department stores · citywide,,yes,40,paid,"Anniversary years usually mean one campaign. Pokemon's 30th produced offline events, a new game and brand collabs in Korea all at once — an Ediya cafe run, a Seoul running event with SK Telecom, department-store pop-ups — with searches for the run and the new title up several hundred to over a thousand percent. What's worth knowing as a visitor is the shape of it: Korean IP collabs are now built as 오픈런 events, where goods sell out in the first hour while the café menu stays all season. Show up for the drink; don't build a day around the goods.","If you want the goods, be at the door at opening on drop day and check the brand's Instagram the night before — restock notices go there first, never to the website.",Skip the queue entirely if you're not already a fan. The menu items are ordinary drinks in a character sleeve.,,,,
pick,trend,Baseball here is a food event with a game attached,KBO season · stadium food and character collabs,Jamsil · Gocheok · through October,,yes,41,paid,"The KBO season pulls collabs the way a holiday does — Starbucks issues team goods and random collectible stickers, clubs release character partnerships, and stadium concessions are treated as the main draw rather than an afterthought. Korean stadiums let you bring outside food in and have it delivered to your seat, which is why the eating matters more than the baseball to a large share of the crowd. Tickets are cheap by international standards, and the organised chanting — team-specific songs, nobody leaving early — is the actual show.","Buy through the club's own site or Ticketlink about a week out, sit in the outfield sections for the loudest chanting, and order chicken to your seat. It's normal and the stadium expects it.",Skip it if you want to watch baseball quietly. This is closer to a concert with a scoreboard.,,,,
pick,trend,Koreans are meeting up to eat fries,감튀모임 · a meetup format built on one snack,Nationwide · via the Karrot app,,yes,42,paid,"감튀모임 ('fry meetup') began with strangers on Karrot — the neighbourhood app Koreans use for secondhand goods and local groups — arranging to meet and share McDonald's fries. It grew large enough that McDonald's and Karrot ran an official offline event with limited goods and 'honorary fry squad' certificates. The reason to read it rather than join it: it shows what Korean social life actually runs on right now — a low-stakes, single-item excuse to meet people, organised through an app most visitors assume is only for buying used furniture.","You can't meaningfully join without Korean and a local number. Take it as context. If you want the food version, fries dipped in soft serve is the same instinct, available at any McDonald's here.","Skip it if you're looking for something to book. This is a thing to understand, not a thing to do.",,,,
